name,seq,tm,chromosome,direction,amplifies,start
AB_C8FW_2,TTTGAAGCCCCAGACTGCTATG,60.62,chr_8,Forward,Pgt,1615937
AB_C8FCOM_2,GTGTAACACTCTCCAACTTATTGAG,57.65,chr_8,Forward,Pgt & Pgs,1616473
AB_C8R_2,CCCATAATTTCACTGCTCTCCTTG,59.66,chr_8,Reverse,Pgt & Pgs,1616580
AB_C10F,AATGCCTTCAGTCCCTATCTGTACTC,61.87,chr_10,Forward,Pgt & Pgs,663980
AB_C10RCOM,ACTACAGAGGAGCAGTGATCAAG,59.55,chr_10,Reverse,Pgt & Pgs,664171
AB_C10RW,CCACCATTTGAAGCAAGACCC,59.73,chr_10,Reverse,Pgt,664739
AB_C12FW,TTCCTTCTCACTGAGTCACAC,57.26,chr_12,Forward,Pgt,3595492
AB_C12FCOM,TGTACATGGAGTGGAGATTGCG,60.42,chr_12,Forward,Pgt & Pgs,3595980
AB_C12R,GCTCACCAGCTTTGGTATGTTG,60.1,chr_12,Reverse,Pgt & Pgs,3596101
AB_C18F,ATGCCAACTGTAGTGGTAGCACAG,62.9,chr_18,Forward,Pgt & Pgs,260225
AB_C18RCOM,TGATAAAACTAGCATGAGTGCATACTGAC,61.73,chr_18,Reverse,Pgt & Pgs,260324
AB_C18RW,AACCCTGGTCTAGTCTTTATCAACC,60.05,chr_18,Reverse,Pgt,260711
